Entity,indiv_libs_vdem_owid,electdem_vdem_owid,libdem_vdem_owid,Countries,Economic.Freedom.Summary.Index,Government.consumption,Transfers.and.subsidies,Government.investment,State.ownership.of.assets,Size.of.Government,Judicial.independence,Impartial.courts,Integrity.of.the.legal.system,Legal.enforcement.of.contracts,Gender.Legal.Rights.Adjustment,Legal.System...Property.Rights,Money.growth,Standard.deviation.of.inflation,Inflation..Most.recent.year,Freedom.to.own.foreign.currency.bank.accounts,Sound.Money,Revenue.from.trade.taxes....of.trade.sector.,Tariffs,Black.market.exchange.rates,Financial.Openness,Capital.controls,Controls.of.the.movement.of.capital.and.people,Freedom.to.trade.Internationally,Ownership.of.banks,Private.sector.credit,Interest.rate.controls.negative.real.interest.rates.,Credit.market.regulations,Centralized.collective.bargaining,Hours.Regulations,Conscription,Labor.market.regulations,Impartial.Public.Administration,Regulation,alliance,regimenarrowcat,Regime_type,id
Afghanistan,0.266,0.16,0.104,,5.50657345,6.393604068,8.740967084,5.519733925,5.02510646,6.04138546,5.105874921,6.079327553,4.405145444,5.444572998,0.6805242497,4.434642598,8.437480015,8.036588244,8.64935565,2.897600819,7.157305589,4.834430917,4.754259419,6.30011161,3.065907186,1.699655149,2.336803744,4.499966653,3.21262603,6.896901145,7.439855686,5.316401485,5.89754624,5.932563684,2.392233801,4.700103457,4.887145703,4.776903203,not a US ally,8,Monarchy,1
Albania,0.006,0.173,0.055,Albania,3.713221801,3.170575228,8.262925738,-0.6275201905,0.18,2.378598506,3.7,8.43,5.24,5.3064066,1,5.79,7.076990472,5.976894815,8.268595749,0,5.228337831,1.44135239,1.181993671,0,0.5532092223,0,0,0.9488707822,-1.193845359,2.474679398,6.7917368,-1.12849885,4.220652291,4.846848448,0,4.21571416,1.75,3.230020565,not a US ally,4,Single-party rule,2
Algeria,0.428,0.084,0.065,Algeria,4.68,5.54,9.322153726,7.32,2.49,5.11,3.77,5.87,4.25,4.577184886,0.53,3.54,7.48,9.35,8.92,0,6.44,2.538643489,2.433870921,0,0,0,0,2.182805029,0,5.632514221,6.790804908,0,5.540452025,6.185717556,3,4.572434509,3.91,3.63,not a US ally,7,Military rule,3
Angola,0.024,0.01,0.035,Angola,4.547753629,6.109552552,8.385527439,4.949295508,3.18,5.434621553,5.05,7.42,2.38,4.977996882,0.47,3.64,6.77016601,6.086807463,7.416371565,2.032278126,5.50100539,4.666203831,4.322304898,5.159398666,1.416549682,0.4897256745,0.9448232406,3.45659042,1.404067046,5.70677746,5.849106046,2.778420335,4.641345689,5.671837925,0.5362427863,3.955813275,2.37,3.778725131,not a US ally,NA,unknown,4
Argentina,0.354,0.105,0.086,Argentina,5.98,7.93,8.006017676,8.187807876,6.15,7.04,5.4,7.1,3.42,5.75,0.41,3.82,5.96,6.22,8.84,10,7.75,8.166829447,7.885423309,10,5.97,2,3.98,7.136346621,5,8.96,6.902559631,6.98,5.18,5.72,0,3.63,2.42,5.31,US ally,7,Military rule,5
Armenia,0.094,0.102,0.024,Armenia,4.543789664,6.061647287,9.695219305,2.974573467,3.267025655,5.071439032,3.22,5.055526372,3.23510597,4.362271304,0.82,3.581965779,8.070735674,7.152537121,8.7909845,2.158906492,6.63529404,1.981033724,1.910843341,2.585925351,2.262425928,0.8408217585,1.495686253,2.247583087,0.1218473182,5.24581432,7.300524195,2.667147547,6.120053271,5.976917411,3.102853108,5.022988686,3.19181877,4.010850387,not a US ally,4,Single-party rule,6
Australia,0.98,0.86,0.807,Australia,7.56,6.17,6.968283263,10,7.38,7.85,8.46,8.9,7.79,8,0.88,7.8,9.81,9.61,8.9,10,9.58,7.53,7.53,10,4.16,2,3.08,6.87,8,5.77,10,7.92,5.18,5.321900097,0,4.346862035,9.76,5.72,US ally,0,Democracy,7
Austria,0.949,0.843,0.728,Austria,6.61,5.45,6.07,7.82,4.78,6.03,7.57,8.59,7.31,8.25,0.59,6.3,9.74,9.71,9.05,5,8.38,8.27,8.27,10,4.49,2,3.24,7.17,5,8.47,8,7.16,4.49,5.01,0,3.17,8.06,5.16,not a US ally,0,Democracy,8
Azerbaijan,0.094,0.102,0.024,Azerbaijan,4.562496736,6.06273795,9.676493048,3.009095744,3.295890425,5.08345667,3.26,5.083933166,3.264760754,4.386047782,0.82,3.608955283,8.078884443,7.169225724,8.789475987,2.170524142,6.644988195,2.025846743,1.955873797,2.637311682,2.279964068,0.8605989862,1.513859583,2.284015375,0.1824491732,5.271232866,7.30605697,2.715618227,6.11853041,5.973362671,3.112879683,5.023542869,3.231986899,4.029371576,not a US ally,4,Single-party rule,9
Bahrain,0.449,0.024,NA,Bahrain,5.99074219,7.066136385,9.231391419,7.644777744,2.55,7.220192766,4.29,4.494401036,4.01,5.140193316,0.35,2.81,9.752809304,9.44,9.67,3.519277888,9.56,6.122320987,6.210918357,10.12270246,3.669849858,2,2,6.088644898,3.542682426,10,8.432797969,10,6.308790889,6.602107864,-1.105165897,3.916456352,5.16,4.570042528,not a US ally,NA,unknown,10
Bangladesh,0.383,0.168,0.09,Bangladesh,4.619361554,4.661760771,9.111140286,2.657809726,3.079495839,4.400812127,5.9,4.07,3.69,4.927320916,0.65,3.75,8.931886065,7.01,9.9,1.153490137,8.46,2.987257882,2.985709013,4.526005929,1.79873797,0,0,3.075663579,0,5.017861465,8.120341782,0,5.33174542,5.851836616,-1.028314749,3.833183993,4.25782319,3.492101445,not a US ally,7,Military rule,11
Barbados,0.904,0.726,0.618,Barbados,6.455934771,7,9.34,8.358428504,6.89,7.74,8.31,7.87,6.53,6.508444611,0.82,6.9,8.27,9.08,8.53,-0.257028235,8.63,6.6,6.6,7.974649173,2.109549057,0,0,5.154900154,7.14830577,9.55,7.10412487,9.55,6.592550034,6.430459674,5.376781409,5.91135559,7.78,6.444295615,US ally,0,Democracy,12
Belarus,0.094,0.102,0.024,Belarus,4.389456324,6.052649322,9.84971093,2.689764678,3.028891308,4.972293517,2.89,4.821170323,2.990454006,4.166115357,0.82,3.359302372,8.003508322,7.014856145,8.803429729,2.063060884,6.555317259,1.611326319,1.539342077,2.161988119,2.117736273,0.6776596301,1.345756284,1.947016708,-0.3781179855,5.036111315,7.2548788,2.26726444,6.13261688,6.006244017,3.020133862,5.018416681,2.860431709,3.858050577,not a US ally,4,Single-party rule,13
Belgium,0.983,0.85,0.773,Belgium,7.54,6.39,4.48,10,7.58,7.11,7.48,8.67,7.3,8.25,0.41,5.59,9.75,9.72,9.09,10,9.64,9.73,9.73,10,8.34,10,9.17,9.63,10,5.38,10,8.46,4.49,3.34,1,2.94,9.53,5.7,US ally,0,Democracy,14
Benin,0.543,0.179,0.115,Benin,5.31,8.74,9.509775522,8.178908383,5.28,7.01,4.56,3.47,4.86,4.522273085,0.29,2.78,8.69,9.3,8.99,0,6.74,4.994204905,4.954928355,9.6,1.024672157,0,0,4.330180792,0,9.76,6.776798606,4.88,6.090020448,7.028214706,-0.5802280636,4.311149948,3.6,4.71,not a US ally,10,Other oligarchy,15
Bhutan,0.586,0.045,0.126,Bhutan,5.607973086,5.509465105,8.47763112,3.746842377,4.31,5.117596357,5.87,7.32,5.51,6.040569311,1,6.23,8.648260187,8.143579688,8.828453179,2.416731619,7.143348146,3.881698528,3.851084191,4.10549833,3.28937481,2.122968315,2.555166913,3.843274312,3.659970222,6.124786278,7.858003933,5.087453265,6.093023792,5.520838568,5.052526232,5.434355936,6.32,5.292891201,not a US ally,8,Monarchy,16
Bolivia,0.134,0.111,0.028,Bolivia,5.21,6.983456445,9.88,3.843184888,5.21,7.54,3.01,3.65,1.75,3.888631457,0.47,2.06,8.73,9.4,9.23,10,9.34,2.6,2.6,2.2,7.17,2,4.59,3.13,0.1280593186,3.34,8.812064819,3.34,7.000755176,6.096461071,3,4.624503729,2.51,3.96,US ally,7,Military rule,17
Bosnia and Herzegovina,0.617,0.094,0.12,Bosnia and Herzegovina,4.422193699,6.054557981,9.816939979,2.750178664,3.079404654,4.993324384,2.96,4.870882212,3.042349878,4.207724195,0.82,3.406534004,8.017768669,7.044061201,8.800789831,2.08339177,6.572282031,1.689749102,1.618145375,2.251914199,2.148428018,0.7122697785,1.377559611,2.010773213,-0.2720647393,5.080593771,7.264561157,2.352088129,6.129951872,6.000023222,3.037680369,5.019386501,2.930725934,3.890462658,not a US ally,4,Single-party rule,18
Botswana,0.812,0.634,0.511,Botswana,6.430365548,5.58,9.74,7.231649908,4.82,6.71,7.25,7.85,5.99,6.454884693,0.29,4.55,10.04834532,9.49,9.78,2.967905657,9.64,7.384265793,7.46535251,10.88059653,3.758538648,2.121602515,2.834063202,6.940798504,5.255683751,8.251447443,8.819915191,7.230574457,5.647376428,6.051460597,-1.424002757,3.651316659,8.49,4.988732733,not a US ally,0,Democracy,19
Brazil,0.169,0.177,0.082,Brazil,5.01,7.59,5.93,8.025792871,5.91,6.61,5.28,3.76,3.07,6,0.47,3.33,5.06,6.92,6.58,5,5.89,5.6,5.6,7.2,0,0,0,4.27,5,8.33,6,6.44,5.18,6.017848547,3,4.373153641,2.19,4.96,US ally,7,Military rule,20
Bulgaria,0.126,0.177,0.058,Bulgaria,3.952432534,3.356874018,8.190056614,0.2349949766,0.25,2.770963493,4.72,8.18,3.85,5.450926895,0.88,5.25,7.414896687,6.497493655,8.422695037,0,5.505692926,2.089787734,1.861725815,0,0.600880003,0,0,1.518464133,0,3.081828758,6.936951489,0,4.270167352,4.996591182,0,4.080577271,4.78,3.27,not a US ally,4,Single-party rule,21
Burkina Faso,0.592,0.177,0.128,Burkina Faso,5.486627251,5.545061932,8.435353379,5.7662519,4.31,5.779819769,5.26,4.96,5.2,5.675449058,0.47,3.78,9.175731838,9.111555012,9.308005893,1.622579859,7.576619605,5.664911379,5.6401176,8.277643028,2.304749844,0.906413849,1.485033089,5.115880735,2.941246415,6.98092753,7.933972779,4.879020637,5.277659705,6.039817882,-1.577379007,3.636680355,6.51,4.232079603,not a US ally,7,Military rule,22
Burundi,0.242,0.083,0.072,Burundi,5.84,8.78,10.21760513,5.637123895,6.22,7.5,4.59,2.97,4.04,4.115792479,0.65,3.19,9.15,8.43,8.96,2.010316221,8.85,2.927058992,2.983120663,5.4,1.66,0,0.83,3.329555111,2,4.3,7.622913504,3.15,6.887920847,6.740238717,2.356991033,5.098605329,1.76,3.83,not a US ally,7,Military rule,23
Cambodia,0.484,0.157,0.083,Cambodia,5.412654205,6.607653352,9.781509768,4.206647145,5.66,5.900459743,2.75,5.29,2.87,4.709586085,0.88,3.43,8.963023528,8.277027948,9.476308964,4.379651507,8.003266928,3.149482489,3.21862633,4.759956519,4.206013464,2.310529343,3.274083211,3.883852301,1.773719006,6.419503407,8.383625835,4.847355895,6.852165732,6.096712282,3.628939753,5.17066936,5.62,4.65190362,not a US ally,99,unknown,24
Cameroon,0.283,0.158,0.071,Cameroon,4.677234838,7.49,9.063596006,5.781422561,4.88,6.18,3.6,4.4,2.81,4.52186023,0.47,2.65,8.11,6.82,8.42,0,5.84,4.550694739,4.363326977,9.6,2.26,0,1.13,3.781160128,0,6.490655213,6.570436452,0,5.174269511,6.249178372,-1.21468241,3.731219122,4.63,3.60107582,not a US ally,6,Personalist rule,25
Canada,0.942,0.82,0.738,Canada,8.03,3.77,7.79,7.98,7.37,5.38,8.02,9.46,6.79,8.25,0.94,7.89,9.11,9.81,9.04,10,9.49,8.4,8.4,10,10,8,9,9.13,10,7.2,10,9.07,7.24,5.1,10,7.45,8.79,8.26,US ally,0,Democracy,26
Cape Verde,0.096,0.025,0.032,Cabo Verde,3.922886643,5.510778488,9.009457945,2.977212702,1.16,4.574781089,5.01,5.73,2.46,4.424878,0.59,3.5,7.027289023,6.110852724,7.855270635,0.3069496771,5.272048101,2.474620129,2.199375346,2.550537207,0.3846842141,-0.5008480389,-0.1580807431,1.737371948,-0.5748322958,4.611957587,6.020510857,1.05600703,4.834648777,5.776744783,0.7935097217,4.232251952,1.76,3.335481004,not a US ally,NA,unknown,27
Central African Republic,0.188,0.091,0.038,Central African Republic,4.600185191,5.32,9.303561397,5.37187343,6.55,5.93,4.12,2.81,2.47,4.400283777,0.53,2.4,8.64,7.27,9.1,0,6.25,4.123262495,4.025746305,9.6,0.6,0,0.3,3.613700024,0,6.380955665,7.081905915,0,5.257068418,6.40887139,-2.412829358,3.525491683,3.15,3.364852251,not a US ally,7,Military rule,28
Chad,0.287,0.192,0.089,Chad,5.489720143,4.8,8.456996792,6.633051794,7.78,6.29,4.38,7.45,2.94,5.587183382,0.53,3.76,8.82,9.42,9.23,0,6.87,5.924491163,5.869647112,9.6,2.26,0,1.13,5.141897722,3.258161666,7.461952582,7.517937373,5.362472552,5.285184115,6.22782747,-1.591382831,3.692264906,4.86,4.311396601,not a US ally,6,Personalist rule,29
Chile,0.765,0.606,0.466,Chile,4.51,7.2,5.94,7.192246563,5.19,6.11,5.64,7.97,4.85,5.5,0.35,4.05,4.36,7.54,1.86,10,5.94,9.2,4.6,0.2,0,2,1,1.93,4.533251512,6.546071234,3.829972376,4.495145378,3.863311274,5.106826203,3,4.360750274,7.57,4.740993886,US ally,2,Democracy,30
China,0.018,0.067,0.025,China,3.878030695,3.862922663,8.974631945,0.4726315816,0.19,3.188231602,3.05,7.83,3.38,4.25,0.88,4.35,7.967161482,8.4,9.06,0,5.82,1.428652869,1.304844851,2,0.7205174127,0,0,1.348514822,0,3.392089769,7.364979629,0,4.49,5.435421667,0,4.087226567,1.46,3.22,not a US ally,4,Single-party rule,31
Colombia,0.485,0.354,0.248,Colombia,5.53,8.43,9.159400156,5.97,7.32,7.24,6.06,5.28,3.74,5.25,0.76,4.48,8.07,8.98,8.02,0,6.27,4.6,4.6,7.8,0,0,0,4.13,4.115744639,8.391183817,6.377600397,7.016501724,6.41452226,6.707664443,3,5.487378942,4.47,5.295887407,US ally,2,Democracy,32
Comoros,0.171,0.123,0.062,Comoros,5.480339908,6.452246926,8.768887233,5.639955468,5.044407916,6.101433529,5.013469983,5.944379733,4.286315362,5.380680691,0.65,4.280035142,8.414524875,8.018855759,8.637162252,2.910219109,7.148242231,4.891642552,4.806493827,6.462318818,3.018512389,1.636393248,2.28969213,4.531315531,3.122222384,6.936561603,7.399800595,5.282591656,5.8678122,5.967904431,2.109634986,4.622462407,4.750249066,4.710163019,not a US ally,NA,unknown,33
Congo,0.134,0.086,0.024,"Congo, Rep.",5.04,6.71,9.74,5.38269893,2.56,6.34,3.71,2.98,1.68,4.197635637,0.47,2.05,8.49,8.56,9.26,0,6.58,4.88,4.88,9.6,2.26,0,1.13,5.2,0,6.352613335,7.419776327,0,5.33988167,6.409723438,-3.116476231,3.264491396,1.87,3.165352059,not a US ally,7,Military rule,34
Costa Rica,0.909,0.743,0.655,Costa Rica,7.74,7.48,9.81,7.825665651,5.96,7.75,7.74,6.93,7.08,6.860887014,0.88,6.82,9.3,9.11,8.54,10,9.24,7.27,7.27,10,7.17,5,6.09,7.78,10,9.36,8.849484636,9.68,7.410280814,5.706686557,7.725469058,6.035147302,8.39,7.13,US ally,2,Democracy,35
Cote d'Ivoire,0.59,0.178,0.145,Cote d'Ivoire,5.253440926,6.13,8.548136835,4.28,4.37,4.93,5.44,5.06,4.64,5.505520948,0.47,3.71,8.61,9.22,9.4,0,6.81,5.09695179,5.050723149,9.6,2.26,0,1.13,4.508825484,2.491003517,6.734092028,7.642594513,4.431696163,5.254778754,6.07648407,0,3.78690207,6.13,4.144636836,not a US ally,6,Personalist rule,36
Croatia,0.617,0.094,0.12,Croatia,4.169648232,6.039834037,10.06974446,2.284127919,2.689730267,4.83108627,2.42,4.487390496,2.6420103,3.886741737,0.82,3.0421757,7.907760275,6.818765059,8.821154752,1.926553503,6.441410935,1.084773347,1.010234216,1.558198729,1.911663128,0.4452772048,1.13221966,1.518937321,-1.090189782,4.737443399,7.189868692,1.697733953,6.150510504,6.048012214,2.902321602,5.011905038,2.388456197,3.640426606,not a US ally,4,Single-party rule,37
Cuba,0.195,0.069,0.034,,5.50657345,6.393604068,8.740967084,5.519733925,5.02510646,6.04138546,5.105874921,6.079327553,4.405145444,5.444572998,0.6805242497,4.434642598,8.437480015,8.036588244,8.64935565,2.897600819,7.157305589,4.834430917,4.754259419,6.30011161,3.065907186,1.699655149,2.336803744,4.499966653,3.21262603,6.896901145,7.439855686,5.316401485,5.89754624,5.932563684,2.392233801,4.700103457,4.887145703,4.776903203,not a US ally,4,Single-party rule,38
Cyprus,0.577,0.482,0.356,Cyprus,5.81,7.226854621,9.08,7.572000256,5.33,7.21,5.74,6.47,4.92,5.747517157,0.88,5.37,9.248643931,9.242899222,9.52,0,4.76,6.2,6.2,9.8,1.66,0,0.83,5.61,5.137340228,9.08,8,8.54,6.453710755,6.534611945,3.581561044,5.409032006,4.53,6.1,not a US ally,6,Personalist rule,39
Czechia,0.23,0.132,0.046,Czech Republic,4.115237126,3.469190483,8.205806999,0.7579651594,0.43,3.031694802,3.83,5.91,3.31,7.75,0.82,4.74,7.585278474,6.74982847,8.665728326,0.9851823142,5.986119654,2.787603703,2.57993898,2.314335749,1.21466284,0,0,2.275654933,0,3.356956254,7.266998351,0,4.232453403,5.041287256,0,3.644505815,3.55,3.07,not a US ally,4,Single-party rule,40
Democratic Republic of Congo,0.104,0.111,0.03,"Congo, Dem. Rep.",4.06,7.21,10.04739657,4.478915874,3.85,5.53,2.58,3.76,1.45,3.329258126,0.24,1.6,6.74,0,9.34,10,6.52,0,0,6.2,1.66,2,1.83,2.68,0,6.88,6.113680066,3.44,5.937851448,6.019658373,3,4.579141078,2.15,3.99,not a US ally,7,Military rule,41
Denmark,0.992,0.905,0.879,Denmark,6.79,3.74,5.8954863,1.06,6.93,3.91,8.54,9.81,8.45,8.75,1,8.89,9.28,9.72,8.33,0,6.83,8.73,8.73,10,4.16,5,4.58,7.77,10,6.882238023,8,9,5.18,4.13,3,4.1,9.93,6.55,US ally,0,Democracy,42
Djibouti,0.058,0.105,0.036,Djibouti,5.480339908,6.452246926,8.768887233,5.639955468,5.044407916,6.101433529,5.013469983,5.944379733,4.286315362,5.380680691,0.65,4.280035142,8.414524875,8.018855759,8.637162252,2.910219109,7.148242231,4.891642552,4.806493827,6.462318818,3.018512389,1.636393248,2.28969213,4.531315531,3.122222384,6.936561603,7.399800595,5.282591656,5.8678122,5.967904431,2.109634986,4.622462407,4.750249066,4.710163019,not a US ally,NA,unknown,43
Dominican Republic,0.317,0.269,0.084,Dominican Republic,4.99,7.9,9.59,9.23,7.11,8.46,3.81,3.87,2.78,3.794302506,0.47,2.56,8.84,9.14,9.58,0,6.89,0,0,5.6,1.66,2,1.83,2.48,1.727583338,6.73,7.121410076,6.73,7.332709932,7.186316674,3,5.586105923,2.78,4.57,US ally,2,Democracy,44
East Germany,0.346,0.169,0.064,,5.50657345,6.393604068,8.740967084,5.519733925,5.02510646,6.04138546,5.105874921,6.079327553,4.405145444,5.444572998,0.6805242497,4.434642598,8.437480015,8.036588244,8.64935565,2.897600819,7.157305589,4.834430917,4.754259419,6.30011161,3.065907186,1.699655149,2.336803744,4.499966653,3.21262603,6.896901145,7.439855686,5.316401485,5.89754624,5.932563684,2.392233801,4.700103457,4.887145703,4.776903203,not a US ally,4,Single-party rule,45
Ecuador,0.504,0.293,0.091,Ecuador,5,8.01,10.21530433,8.6,7.57,8.06,4.6,4.52,2.34,5,0.53,3.15,9.3,9.28,8.17,0,6.69,0.4,0.4,5.6,6.57,2,4.28,3.43,1.70196323,5.32,7.511017183,5.32,6.991155422,6.716112365,0,5.150308229,2.02,3.7,US ally,6,Personalist rule,46
Egypt,0.43,0.193,0.148,"Egypt, Arab Rep.",4.742973668,3.71,9.264484513,3.852816636,5.87,4.79,4.78,4.49,4.5,5.25,0.41,3.36,9.81,9.47,9.56,0,7.21,3.043878197,3.091543685,0,0,0,0,2.985833635,0.742543801,5.951346083,7.912586925,3.146652457,5.610155931,6.291255596,0,4.109608386,4.56,3.795692637,not a US ally,7,Military rule,47
El Salvador,0.106,0.188,0.066,El Salvador,5.48,8.12,10.27701383,7.670178374,7.23,7.67,4.96,3.74,2.43,4.420412662,0.88,3.49,9.84,9.16,9.03,0,7.01,3.73,3.73,6.4,1.66,2,1.83,3.99,3.519900563,9.89,7.4384232,9.89,7.630891353,7.154202144,3,5.962545552,3.46,5.22,US ally,7,Military rule,48
Equatorial Guinea,0.003,0.171,0.021,,5.50657345,6.393604068,8.740967084,5.519733925,5.02510646,6.04138546,5.105874921,6.079327553,4.405145444,5.444572998,0.6805242497,4.434642598,8.437480015,8.036588244,8.64935565,2.897600819,7.157305589,4.834430917,4.754259419,6.30011161,3.065907186,1.699655149,2.336803744,4.499966653,3.21262603,6.896901145,7.439855686,5.316401485,5.89754624,5.932563684,2.392233801,4.700103457,4.887145703,4.776903203,not a US ally,6,Personalist rule,49
Eritrea,0.118,0.083,0.023,,5.50657345,6.393604068,8.740967084,5.519733925,5.02510646,6.04138546,5.105874921,6.079327553,4.405145444,5.444572998,0.6805242497,4.434642598,8.437480015,8.036588244,8.64935565,2.897600819,7.157305589,4.834430917,4.754259419,6.30011161,3.065907186,1.699655149,2.336803744,4.499966653,3.21262603,6.896901145,7.439855686,5.316401485,5.89754624,5.932563684,2.392233801,4.700103457,4.887145703,4.776903203,not a US ally,8,Monarchy,50
Estonia,0.094,0.102,0.024,Estonia,5.642830122,6.12572371,8.595051674,5.002757264,4.962830857,5.777475271,5.57,6.724425508,4.977324503,5.759139405,0.82,5.167599138,8.549475907,8.132992553,8.702359384,2.841443399,7.20482566,4.613798583,4.556382647,5.604872305,3.292791652,2.002733885,2.56336937,4.387980026,3.682206299,6.739153899,7.625574735,5.514799979,6.030585152,5.768076427,3.691914407,5.055546902,5.551696329,5.098970245,not a US ally,99,unknown,51
Eswatini,0.38,0.209,0.138,Eswatini,4.967672608,7.44377382,8.478425107,10,3.74,6.87,4.22,6.57,3.49,4.963383421,0.41,3.36,6.965193618,6.559903882,7.101357861,1.468339491,5.500494303,5.752398758,5.410879866,7.229492699,1.167257055,0.2836659449,0.7343705471,4.209221528,2.996624038,7.426966343,5.37180346,5.010238023,5.032379401,6.195214288,0.881231727,4.222332859,3.32,4.316124224,not a US ally,8,Monarchy,52
Ethiopia,0.188,0.094,0.035,Ethiopia,4.769889749,7.191468803,9.650059112,5.380841161,4.98,6.288676181,3.11,4.97,2.58,4.216292972,0.59,2.82,7.836224567,7.119862606,8.316048561,2.418247647,6.515944743,3.404542306,3.270713363,4.954944301,1.66,0.7089228043,1.66,3.183820679,1.054601657,6.541627675,6.685788962,4.033592867,6.066473414,6.337494138,2.058789497,4.743284256,2.52,4.095767731,not a US ally,8,Monarchy,53
Fiji,0.864,0.522,0.386,Fiji,6.25,6.56,8.347072107,4.11,6.39,5.68,5.66,8.06,6.37,6.406196936,0.76,5.91,8.96,8.5,8.64,5.222485775,8.7,4.3,4.3,4.8,5.321460751,5,5,4.7,5.280318727,7.27,8.517494,7.27,6.545378145,5.451020932,5.799832912,5.502988506,9.12,5.860976033,not a US ally,0,Democracy,54
Finland,0.99,0.817,0.77,Finland,7.48,5.78,6.823589231,10,6.88,7.55,8.09,8.71,7.94,7.5,0.94,7.82,8.97,8.77,9.23,5,7.99,9,9,10,1.66,2,1.83,6.94,8.912397823,9.62,7.538860729,9.62,4.49,6.25,3,4.58,9.57,7.1,not a US ally,1,Democracy,55
France,0.972,0.844,0.762,France,6.39,5.81,5.08,8,6.39,6.32,6.78,8.92,6.63,6.25,0.59,5.67,9.84,9.44,8.87,0,7.04,9.73,9.73,9.6,1.2,2,1.6,6.98,10,9.39,6,8.46,4.49,4.84,1,3.44,9.33,5.95,US ally,1,Democracy,56
Gabon,0.469,0.188,0.105,Gabon,4.66,1.49,8.744467397,6.51,5.28,4.43,4.06,2.61,3.07,4.997387537,0.41,2.29,9.32,9,9.92,0,7.06,3.8,3.8,9.6,2.26,0,1.13,4.84,0,5.512620499,8.423473357,0,4.506701999,6.013773302,-6.339770895,2.274464988,4.51,2.731099141,not a US ally,6,Personalist rule,57
Gambia,0.816,0.481,0.336,"Gambia, The",6.141349244,5.956387268,7.92365453,5.784403212,5.6,5.945846305,6.76,7.9,5.62,6.530936148,0.82,6.16,8.688581338,8.508464659,8.60507392,3.152043001,7.397132443,5.957634036,5.88860794,6.977602374,3.742922134,2.565121445,3.049339093,5.420338518,5.381359975,7.287227018,7.749431532,6.665429388,5.829492306,5.568233233,3.821969056,4.984206799,6.95,5.577592578,not a US ally,5,Multi-party authoritarian rule,58
Georgia,0.094,0.102,0.024,Georgia,4.735537148,6.072826578,9.503275165,3.32842681,3.562889542,5.194619822,3.63,5.346696009,3.539067502,4.605980207,0.82,3.858608195,8.154260565,7.323595303,8.775522245,2.277987399,6.734659131,2.440367168,2.372405518,3.112635245,2.442191863,1.043538342,1.681962882,2.621014042,0.7430163319,5.506354417,7.35723514,3.163972014,6.10444394,5.940481324,3.205625505,5.028669056,3.603542089,4.200692575,not a US ally,4,Single-party rule,59
Germany,0.982,0.862,0.82,Germany,7.65,5.18,6.1,7.79,7.85,5.78,8.17,9.2,7.78,8.25,0.88,7.86,9.005093233,9.16,9.31,10,9.49,9.67,9.67,10,10,8,9,9.56,5,8.41,10,7.8,4.49,4.4,1,3.29,9.9,5.55,US ally,0,Democracy,60
Ghana,0.77,0.386,0.3,Ghana,4.5,7.43,9.49,4.097161287,5.02,5.48,5.57,4.36,5.72,4.383204794,0.71,4.45,9.28,7.6,9.42,0,6.57,0,0,0,1.66,0,0.83,0.28,1.766647279,6.08,7.018685567,6.08,7.424812212,6.605499062,10,6.767039526,3.25,5.72,not a US ally,0,Democracy,61
Greece,0.232,0.074,0.066,Greece,6.01,8.52,9.61,6.293553732,4.69,7.61,4.04,3.84,2.98,6,0.76,3.72,9.63,9.56,9.22,5,8.35,6.87,6.87,9.6,1.66,2,1.83,6.1,2,4.7,8,4.9,4.49,6.33,0,3.61,3.86,4.25,US ally,7,Military rule,62
Guatemala,0.049,0.178,0.08,Guatemala,5.9,9.06,9.94,8.86,9.31,9.29,5.66,3.8,1.54,4.537167487,0.71,3.13,9.3,9.2,9,0,6.88,5.93,5.93,8.2,1.66,2,1.83,5.32,8,9.52,6.994743479,8.76,7.202627433,7.252726471,0,5.310264403,1.47,4.86,US ally,2,Democracy,63
Guinea,0.115,0.143,0.036,Guinea,4.335156801,5.853017352,9.765918163,3.188018446,2.5,5.048373125,2.67,3.48,3.24,4.0634189,0.59,2.49,8.185673705,7.346908667,9.070574224,2.198872905,6.834429136,2.387724305,2.316404488,3.824667736,1.66,0.3887305837,1.66,2.566449421,-0.8247747225,5.152040249,7.434721906,1.903232847,5.708914999,6.100890382,0.07606216545,4.154965217,2.7,3.33571231,not a US ally,4,Single-party rule,64
Guinea-Bissau,0.012,0.012,0.011,Guinea-Bissau,3.743326273,5.7,8.061499126,2.931486681,1.02,3.36,4.35,7.93,2.66,4.828260642,0.41,3.52,5.836418089,4.868396234,6.969131313,1.302919737,4.521598668,3.835938268,3.352882169,3.160480436,0.3582805443,0,0,2.299491073,-0.5021237241,3.969029697,5.260526658,-0.02333505098,3.652118447,5.210619499,-0.7651107883,3.397981836,1.45,2.92369862,not a US ally,NA,unknown,65
Guyana,0.747,0.325,0.218,Guyana,6.29,5.35,8.107353615,5.185184119,4.9,5.12,6.29,7.99,4.78,6.404144838,0.88,5.98,8.82,9.19,9.39,1.058275042,9.13,5.79,5.79,8.2,1.66,0,0.83,4.94,4.378342852,6.82,8.197707483,6.82,5.642855393,5.80119955,1.4349391,4.519131464,6.68,5.089751594,not a US ally,6,Personalist rule,66
Haiti,0.083,0.144,0.029,Haiti,6.15,8.73,10.92405002,8.238581042,6.99,7.86,2.69,3.67,1.1,3.630937758,0.47,1.83,8.33,9.31,9.06,10,9.18,3.975583952,4.062926436,10,5.09,0,2.54,4.830519391,2.891236412,9.23,7.737398135,9.23,8.187469806,7.130924493,10,5.835002271,0.26,5.74,US ally,6,Personalist rule,67
Honduras,0.246,0.14,0.055,Honduras,6.24,7.81,9.96,4.26,5.83,6.96,4.47,3.96,2.28,4.749763532,0.82,3.26,8.99,9.62,9.11,10,9.43,5.73,5.73,4,10,2,6,5.24,3.917390167,9.04,8.994041271,9.04,8.180782939,6.196100738,10,6.097213116,3.67,6.28,US ally,7,Military rule,68
Hong Kong,0.926,0.167,0.185,"Hong Kong SAR, China",8.42,8.87,7.623199543,10,8.56,9.36,7.89,9.7,6.65,7.427585461,1,8.08,8.668498803,8.26,8.29,10,8.85,10,10,10,8.34,5,6.67,8.89,10,10.09766822,8.163035209,10,7.93,5.522318609,10,6.306067731,7.65,6.95,not a US ally,NA,unknown,69
Hungary,0.337,0.133,0.097,Hungary,4.81,7.33,9.041912372,2.045232453,1.18,4.26,5.76,5.1,5.73,5.75,0.94,5.42,8.783565406,9.29,9.02,0,6.1,1.821153603,1.80329108,0,0.7231114699,0,0,1.800363639,0,4.862428297,7.538155633,0,5.594109222,5.822087097,0,4.905031009,5.97,3.47,not a US ally,4,Single-party rule,70
Iceland,0.952,0.836,0.733,Iceland,6.19,6.67,7.345446106,6.89,6.79,6.79,8.06,9.74,7.29,6.972839017,1,8.36,7.95,7.56,6.71,0,5.56,3.33,3.33,9,1.66,0,0.83,4.39,7.11967733,9.21,5.752107506,9.21,4.49,5.74668663,6.707556116,5.981210872,6.6,5.88,US ally,0,Democracy,71
India,0.686,0.671,0.501,India,5.46,8.69,10.06490938,3.47,6.27,4.61,6.84,7.74,4.77,3,0.71,4.77,8.93,8.15,9.67,0,6.69,1.35277053,1.446638725,0,1.66,0,0.83,1.864810155,0,7.92,8,5.31,7.494723918,6.581604992,10,6.781105676,6.82,5.77,not a US ally,0,Democracy,72
Indonesia,0.22,0.186,0.059,Indonesia,4.73,9.04,9.4,7.421677697,5.37,7.93,2.83,1.5,2.47,3.75,0.29,1.71,4.508904837,0,7.28,10,5.76,5.4,5.4,6.6,5.37,0,2.68,4.89,0,6.533455225,2,1,5.086436164,5.834752083,3,4.16428781,2.23,3.38,not a US ally,7,Military rule,73
Iran,0.4,0.115,0.083,"Iran, Islamic Rep.",5.34,6.924671522,8.96,2.85,4.67,5.49,4.04,6.5,4.36,1.25,0.41,2.85,9.13,9.56,9.67,5,8.34,2.4,2.4,9,1.66,5,3.33,4.91,2.376134709,9.73,8.456978315,9.73,6.754584467,6.451846227,0,4.676682507,5.95,5.1,US ally,8,Monarchy,74
Iraq,0.276,0.051,0.061,Iraq,4.867662146,5.226351968,8.645135711,5.307277494,4.39,5.421362078,3.32,6.86,4.68,5.212963682,0.35,3.35,9.78,8.985396405,9.276752345,-0.5128165103,6.975293736,4.853092923,4.79895255,7.623483274,0,-0.562705919,0,4.097371733,1.446926732,6.485191707,7.473050466,3.467845629,4.864083861,6.24864832,-3.427860048,3.252959345,4.05,3.567658177,not a US ally,4,Single-party rule,75
Ireland,0.941,0.819,0.714,Ireland,6.72,6.9,6.53,9.77,6.57,7.44,8,9.06,7.37,7.5,0.88,7.51,9.6,8.92,8.05,0,6.64,5.4,5.4,10,2.51,5,3.75,6.38,8,7.31,4,6.44,5.18,5.45,5.106379519,5.321325585,7.35,5.6,not a US ally,0,Democracy,76
Israel,0.888,0.692,0.601,Israel,5.02,0.8,7.2,2.094691657,4.23,4.08,6.21,8.28,7.32,7,0.88,6.78,8.27,8.05,8.09,0,6.1,4.07,4.07,4,4.49,2,3.24,3.77,0,5.94,8.038889346,2.97,5.18,4.823606344,0,4.141611262,7.73,4.37,not a US ally,0,Democracy,77
Italy,0.899,0.755,0.651,Italy,6.25,6.39,5.88,7.717548774,6.09,6.12,6.49,6.97,6.33,4.5,0.76,5.36,7.8,9.26,8.63,0,6.42,9.87,9.87,9.6,4.16,5,4.58,8.02,5,7.8,8,6.93,4.49,6.69,0,3.72,6.41,5.33,US ally,0,Democracy,78
Jamaica,0.736,0.528,0.404,Jamaica,6.192338407,7.02,7.998161032,5.410696573,4.29,3.77,7.17,7.71,5.12,6.533998394,0.88,6.27,7.98,9.23,8.88,3.626178534,8.7,5.866303415,5.840283912,8.8,4.16,2,3.08,5.550280171,5.179462095,8.15,8.15584808,8.15,5.909249303,5.524481365,3.539964852,4.893249313,6.14,5.510687305,US ally,0,Democracy,79
Japan,0.966,0.839,0.749,Japan,7.31,8.1,9.7,5.63,8.07,7.88,7.55,9.21,7.88,6.75,0.94,7.62,7.57,9.72,8.71,0,6.5,8.13,8.13,9.8,4.16,2,3.08,7.01,8,9.46,4,7.15,7.93,5.81,10,7.91,8.64,7.53,US ally,0,Democracy,80
Jordan,0.612,0.124,0.158,Jordan,5.17,8.063379041,9.134104075,8.16,6.17,7.16,4.85,6.62,6.13,5.111252164,0.35,3.97,8.735798957,8.649233494,8.82,0,4.41,5.362591811,5.292306067,8.8,1.66,2,1.83,4.592297306,4.470791194,9.31,6.555330601,9.31,7.93,6.802268322,0,5.144827745,3.8,5.12,not a US ally,8,Monarchy,81
Kazakhstan,0.094,0.102,0.024,Kazakhstan,5.233615023,6.321189838,9.105267868,4.474996917,4.454018033,5.684555667,4.901198941,6.025843114,4.308165796,5,0.82,4.552492478,8.383529149,7.783224675,8.6770675,2.318446197,6.921079358,3.51869382,3.459916974,4.410153794,2.762393341,1.448264585,2.026408011,3.473762867,2.438229907,6.358905137,7.391545819,4.680521771,6.188062838,5.944920466,3.825631663,5.194968667,4.605120114,4.776367566,not a US ally,4,Single-party rule,82
Kenya,0.287,0.198,0.116,Kenya,4.9,5.51,9.7,7.45,4.14,5.36,5.13,4.86,2.65,4.944447849,0.71,3.6,8.42,7.75,6.94,0,5.78,6.27,6.27,3.8,1.66,0,0.83,3.63,3.328836433,7.92,8,7.96,6.493698692,6.351742128,10,5.718922651,3.31,6.15,not a US ally,4,Single-party rule,83
Kuwait,0.726,0.257,0.269,Kuwait,6.912356519,4.12,7.633715705,6.93113025,6.18,5.15,6.41,6.86,5.84,6.827540553,0.41,4.5,9.684479708,9.7,9.89,10,9.86,8.763398679,8.815170121,10,8.34,2,5.17,8.56227173,5.778719501,10,9.580044558,10,5.507804925,5.453045476,-1.565005108,3.170885978,5.07,5.005758061,not a US ally,8,Monarchy,84
Kyrgyzstan,0.094,0.102,0.024,Kyrgyz Republic,4.543789664,6.061647287,9.695219305,2.974573467,3.267025655,5.071439032,3.22,5.055526372,3.23510597,4.362271304,0.82,3.581965779,8.070735674,7.152537121,8.7909845,2.158906492,6.63529404,1.981033724,1.910843341,2.585925351,2.262425928,0.8408217585,1.495686253,2.247583087,0.1218473182,5.24581432,7.300524195,2.667147547,6.120053271,5.976917411,3.102853108,5.022988686,3.19181877,4.010850387,not a US ally,4,Single-party rule,85
Laos,0.229,0.243,0.125,Lao PDR,6.17115703,9.454410473,9.873970256,8.766482205,8.02,8.556560526,4.68,3.98,1.74,4.396620785,0.53,2.65,8.101473856,7.566738558,8.310338965,7.569013125,8.052833113,5.831701522,5.768299719,8.606204765,5.51,3.57045533,5.51,6.005598695,4.167890088,8.983632635,7.33851876,8.243913345,7.357452572,6.584068153,4.574222277,5.310422471,1.59,5.332312532,not a US ally,9,Monarchy,86
Latvia,0.094,0.102,0.024,Latvia,5.198537171,6.099820475,9.039800291,4.182853176,4.277292584,5.492056366,4.62,6.049764155,4.273023394,5.194448045,0.82,4.526598419,8.355942621,7.736638229,8.738186558,2.565524224,6.974589473,3.549489385,3.48690931,4.384446941,2.876260828,1.533024727,2.131752791,3.522713178,2.242912243,6.135463431,7.494171325,4.363621336,6.066753115,5.852501506,3.453783244,5.04238507,4.597703273,4.659092004,not a US ally,99,unknown,87
Lebanon,0.642,0.401,0.23,Lebanon,7.098095011,8.039684435,8.936537367,6.668152562,7.54,7.405280405,4.61,6.13,3.71,5.726793153,0.82,4.39,8.235999016,7.580035808,8.935776824,12.91855948,9.556246192,7.021047644,7.016882234,8.55963276,10,7.021832293,10,7.872203908,5.686730173,7.944371446,9.14624646,8.466977169,7.375637136,5.373675035,6.555437902,5.287465425,3.5,5.95498085,not a US ally,6,Personalist rule,88
Lesotho,0.427,0.148,0.115,Lesotho,5.766472232,7.982831009,8.638743599,8.764188868,6.31,7.680687402,6.19,5.02,5.02,5.266294038,0.35,3.66,7.955848674,7.798177553,7.811262841,2.964728014,6.758515432,6.644635237,6.454336364,9.14246589,2.708631822,1.420955226,2.111472285,5.56333077,4.561387827,8.623090942,6.383310423,7.165754495,5.810146442,6.40209965,1.503938319,4.472244035,2.05,4.969443671,not a US ally,4,Single-party rule,89
Liberia,0.275,0.186,0.106,Liberia,7.111670319,8.587709618,9.598385015,7.712198299,7.16,8.102316932,4.96,2.55,3.54,5.105835076,0.59,2.92,8.979890927,8.482258661,9.627911736,12.90840615,10.2834645,7.144229951,7.246761325,10.31823716,10,6.591806126,10,8.292160415,4.986709278,8.669697789,9.622543278,8.839989652,7.705774411,5.939583996,4.131936747,4.80568051,2.61,5.548403125,US ally,4,Single-party rule,90
Libya,0.135,0.073,0.029,Libya,4.436864324,6.026116218,9.647263722,3.551610645,2.18,5.220390925,4.02,3.23,3.61,4.20721477,0.59,2.87,8.107223234,7.305111081,8.87298011,2.005893174,6.691925237,2.589118342,2.500493762,3.906962491,1.66,0.4210073805,1.66,2.637990224,-0.2852963517,5.400056194,7.244792191,2.360985692,5.74302186,6.10484738,0.7078497297,4.337383079,2.1,3.562973009,not a US ally,7,Military rule,91
Lithuania,0.094,0.102,0.024,Lithuania,5.507203853,6.117816407,8.730817041,4.752470753,4.753561279,5.690347394,5.28,6.518476253,4.762327322,5.586759938,0.82,4.971925234,8.490397325,8.012000181,8.7132961,2.75721544,7.134543034,4.288904196,4.229911839,5.232321404,3.165640137,1.859348984,2.43161273,4.123845935,3.24284285,6.55486944,7.585462115,5.163387551,6.041625899,5.793848293,3.619221736,5.05152908,5.260477396,4.964691624,not a US ally,99,unknown,92
Luxembourg,0.982,0.869,0.776,Luxembourg,7.56,7.75,5.3,8.657668917,8.37,7.14,7.86,7.13,7,7.881507711,0.47,5.39,7.607037014,8.04,6.98,10,8.34,9.87,9.87,10,9.414512098,10,10,9.96,10,8.83724057,10,10,5.18,4.614797211,10,4.640641873,9.68,6.99,US ally,0,Democracy,93
Madagascar,0.474,0.253,0.134,Madagascar,5.58,7.6,9.01,6.648707036,6.57,7.72,4.81,3.71,3.73,4.422851059,0.59,3.24,9.14,9,8.62,0.4538877868,8.92,0,0,9.6,2.26,0,1.13,3.58,0,9.5,7.656768888,4.75,6.894545177,6.991561003,0,5.066738118,6,4.42,not a US ally,6,Personalist rule,94
Malawi,0.163,0.21,0.089,Malawi,5.63,6.37,9.64,5.75,3.8,6.39,5.11,6.69,4.49,5.491102866,0.71,4.63,9.06,8.4,8.24,0,6.43,6.6,6.6,6.8,1.66,2,1.83,5.08,3.950763089,8.56,7.091106,8.56,6.03359178,6.215944766,2.662951239,4.921067827,3.45,5.057407785,not a US ally,6,Personalist rule,95
Malaysia,0.678,0.145,0.132,Malaysia,6.36,5.47,8.14,6.793761448,6.53,6.71,5.85,8.27,5.37,6,0.65,5.25,9.71,8.84,9.92,0,7.12,4.67,4.67,9.8,4.16,5,4.58,6.35,5,9.88,8.257126676,7.44,7.93,6.129890605,10,5.865457124,5.91,6.37,not a US ally,5,Multi-party authoritarian rule,96
Maldives,0.403,0.171,0.068,,5.50657345,6.393604068,8.740967084,5.519733925,5.02510646,6.04138546,5.105874921,6.079327553,4.405145444,5.444572998,0.6805242497,4.434642598,8.437480015,8.036588244,8.64935565,2.897600819,7.157305589,4.834430917,4.754259419,6.30011161,3.065907186,1.699655149,2.336803744,4.499966653,3.21262603,6.896901145,7.439855686,5.316401485,5.89754624,5.932563684,2.392233801,4.700103457,4.887145703,4.776903203,not a US ally,6,Personalist rule,97
Mali,0.454,0.102,0.096,Mali,5.487475984,8.52,9.341284752,8.158557196,5.68,7.1,5.36,3.92,4.57,4.826399579,0.53,3.53,9.13,6.88,8.78,0,6.2,4.913446311,4.835286337,9.4,1.66,0,0.83,4.240546738,3.747636966,8.71,6.49958131,8.71,6.403132537,6.822556698,2.459367949,5.094788944,3.96,5.014448535,not a US ally,7,Military rule,98
Malta,0.905,0.707,0.528,Malta,6.05,5.9,6.52,4.41838799,2.78,5.07,5.17,7.97,5.76,6.323822581,0.82,5.75,9.37,8.93,9.47,3.001441389,9.26,4.93,4.93,9.4,3.556927782,2,2,5.44,0,8.49,8.579215149,4.24,5.391272514,5.502449491,0.4080676192,4.016309848,5.1,4.75,not a US ally,0,Democracy,99
Mauritania,0.537,0.211,0.119,Mauritania,4.974605792,2.65528208,8.748132156,0,4.04,2.02,4.69,2.88,3.93,5.514049949,0.47,2.82,10.66582174,10.51652299,11.60410895,2.19240656,9.218902558,4.128169511,4.34406705,7.356118612,2.26,0.851727565,2.26,4.757849953,-0.5634906421,4.495378797,10.40442028,1.141772417,4.787396477,5.615388799,-6.698551658,2.145898165,7.62,2.7177744,not a US ally,6,Personalist rule,100
Mauritius,0.864,0.685,0.578,Mauritius,6.43,7.29,9.26,7.116410724,9.04,8.53,6.34,5.01,6.38,5.606793273,0.71,5.04,9.98,9.18,9.69,1.7351254,9.62,5.6,5.6,0,3.496742606,2,2,2.53,5.418807933,8.08,8.188301789,8.08,7.587940179,6.645015852,6.069124325,6.218630288,7.98,6.169439216,not a US ally,0,Democracy,101
Mexico,0.477,0.248,0.111,Mexico,6.55,9.35,9.52,5.491164075,4.52,7.8,4.81,4.54,3.94,5.75,0.88,4.48,9.31,9.21,8.21,10,9.18,4.8,4.8,10,10,2,6,6.93,3.496983899,4.72,8.950468758,4.72,6.976374771,5.750203918,3,4.882618283,3.46,4.35,US ally,5,Multi-party authoritarian rule,102
Moldova,0.094,0.102,0.024,Moldova,5.147092724,6.096821153,9.091297499,4.087916913,4.197914468,5.459007861,4.51,5.971645472,4.191472739,5.12906273,0.82,4.452377283,8.333533504,7.690744571,8.742334968,2.533575688,6.947930546,3.426253583,3.363075555,4.24313453,2.828030943,1.478637351,2.081776134,3.422524385,2.076257142,6.065562429,7.478956193,4.230326967,6.070940985,5.862277041,3.426210162,5.040861068,4.487240919,4.608158734,not a US ally,4,Single-party rule,103
Mongolia,0.131,0.177,0.056,Mongolia,3.844838625,3.679553797,9.563582043,-0.4902987908,0.34,2.942562634,2.68,5.24,2.72,4.467946149,0.94,3.44,8.640700421,7.623805061,9.781010842,0.2681217571,6.721483195,0.358533515,0.3671185591,0.4534226746,1.168798942,-0.1714799302,0.2789066717,0.9689360985,-2.299971777,3.091024326,8.182626177,-0.5490423798,5.371575497,5.56649583,0.4372319865,4.281857699,6.18,3.030306312,not a US ally,4,Single-party rule,104
Morocco,0.388,0.137,0.112,Morocco,5.21,7.63,9.551343705,10,4.44,7.35,5.44,3.91,3.77,3.25,0.47,3.01,9.47,9.02,9.31,0,6.95,5.67,5.67,7.8,1.66,0,0.83,4.77,5,8.356647718,7.016928583,5,6.26491813,6.933814795,1,4.484017284,2.85,3.96,not a US ally,8,Monarchy,105
Mozambique,0.04,0.028,0.022,Mozambique,4.927155745,6.981273138,9.477920504,5.463402226,4.83,6.249734135,3.3,4.88,2.46,4.378618839,0.53,2.71,7.962965662,7.314946747,8.518818341,3.287573541,6.887514025,4.010707305,3.888550249,5.837770658,2.695413167,1.116669998,1.95691598,3.810572637,1.21718406,6.561029764,7.026019846,4.083463646,5.920261206,6.22970668,1.104806555,4.382150927,2.9,4.006515957,not a US ally,NA,unknown,106
Myanmar,0.081,0.07,0.016,Myanmar,3.4,5.603195304,10.17807335,2.056224741,2.05,4.620665246,2.45,4.14,2.19,3.827426345,0.88,2.75,8.87,7.61,9.71,0,6.55,2.4,2.4,0,1.66,0,0.83,1.08,0,4.94,7.592802825,2.47,6.05280231,6.196545908,0,4.637512109,1.03,3.22,not a US ally,7,Military rule,107
Namibia,0.118,0.063,0.057,Namibia,6.262781266,7.550596379,8.438193771,8.316219445,7.91,7.471350529,4.55,7.1,3.22,5.682818146,0.47,3.64,8.373547786,8.250835624,8.420174753,5.568010708,7.833795027,7.392838328,7.27903359,10.05706812,4.622003687,2.93340769,3.895521942,6.747081405,5.118661101,8.512269123,7.480065979,7.553068118,5.957123742,6.06629532,1.355116468,4.234463268,5.59,5.124063682,not a US ally,10,Other oligarchy,108
Nepal,0.202,0.093,0.081,Nepal,4.158292548,6.122147532,10.21308126,2.603495721,3.03,4.994371552,4.32,3.03,3.26,3.875497623,0.71,3.01,9.12,7.2,8.59,0,6.23,0.6,0.6,0,1.66,0,0.83,0.48,0,5.102816655,7.147028446,0,6.327672355,6.315791832,2.960634246,5.225692889,3.11,3.777369269,not a US ally,8,Monarchy,109
Netherlands,0.979,0.846,0.794,Netherlands,7.39,5.81,5.04,6.78,7.58,6.3,7.47,9.25,7.6,8,0.88,7.6,9.53,9.61,8.77,10,9.48,8.87,8.87,10,6.99,2,4.5,7.79,10,6.73,10,8.91,5.18,2.73,0,2.63,9.08,5.77,US ally,0,Democracy,110
New Zealand,0.973,0.85,0.782,New Zealand,6.63,6.75,6.822784365,5.76,5.81,6.11,8.01,9.81,7.36,7.680024176,0.88,7.9,9.63,7.78,7.34,0,6.18,8.2,8.2,7.8,1.66,5,3.33,6.44,5,7.97,6.91387982,6.48,5.18,4.4,10,6.52,9.65,6.5,US ally,0,Democracy,111
Nicaragua,0.112,0.172,0.036,Nicaragua,6.36,8.53,10.13082144,5.534658512,5.28,6.91,2.58,3.63,0.93,4.389492753,0.88,2.24,8.89,8.91,9.77,10,9.39,7,7,6.2,10,5,7.5,6.9,2.381730671,7.181074887,9.45977153,6.305035718,7.519253032,5.934379813,3,4.743880121,0.63,4.741241427,US ally,7,Military rule,112
Niger,0.397,0.188,0.129,Niger,5.920406888,9.15,8.995413693,10,5.58,8.24,4.94,5.15,5.53,5.293593324,0.47,3.83,9.49,7.76,8.57,0,6.45,5.971279435,5.903412586,9.6,2.26,0,1.13,5.053112227,5.233168987,9.56,6.510907637,9.56,6.437328797,6.885751141,2.596421756,5.146549748,6.78,5.471365856,not a US ally,6,Personalist rule,113
Nigeria,0.374,0.189,0.09,Nigeria,4.15,9.02,9.92,8.145576508,5.38,8.1,4.08,4.76,2.85,4,0.71,3.35,8.39,2.07,0,0,2.61,5.6,5.6,0,1.66,0,0.83,2.14,2.891425931,7.349757648,2,2,5.667293559,6.253633236,10,6.436593846,0.47,4.56,not a US ally,7,Military rule,114
North Korea,0.007,0.091,0.016,,5.50657345,6.393604068,8.740967084,5.519733925,5.02510646,6.04138546,5.105874921,6.079327553,4.405145444,5.444572998,0.6805242497,4.434642598,8.437480015,8.036588244,8.64935565,2.897600819,7.157305589,4.834430917,4.754259419,6.30011161,3.065907186,1.699655149,2.336803744,4.499966653,3.21262603,6.896901145,7.439855686,5.316401485,5.89754624,5.932563684,2.392233801,4.700103457,4.887145703,4.776903203,not a US ally,6,Personalist rule,115
North Macedonia,0.617,0.094,0.12,North Macedonia,4.72907256,5.836166024,9.503142349,2.654414478,3.318253654,4.888503377,3.76,5.710888905,3.832671166,4.717908681,0.94,4.308337422,8.196806926,7.295719797,8.832082963,2.158982748,6.713177005,1.953178131,1.903491063,2.174443076,2.524933955,1.175735516,1.75992141,2.28428211,0.74383555,5.202040939,7.48187568,3.013432515,6.230182145,5.822585789,4.257596576,5.330684702,3.906599516,4.354666427,not a US ally,4,Single-party rule,116
Norway,0.978,0.848,0.81,Norway,6.93,4.71,4.54,10,6.69,6.48,8.52,9.78,7.57,8.75,1,8.65,9.01,8.56,7.44,0,6.25,8.93,8.93,10,4.16,0,2.08,7.01,10,6.72,6.958357889,8.36,5.18,6.33,1,4.17,9.58,6.26,US ally,0,Democracy,117
Oman,0.402,0.013,0.045,Oman,5.28401063,0.05,9.27,3.885681538,4.43,4.58,4.08,5.69,4.27,6.172040263,0.47,3.44,8.492269159,7.57,8.75,4.881654028,8.16,9.47,9.47,9.500053634,3.668399707,2,2,6.440342571,1.629760054,5.137422449,8.610660452,2.103720696,3.661311481,5.032168369,-6.293490712,1.675800453,5.2,3.020197922,not a US ally,8,Monarchy,118
Pakistan,0.383,0.168,0.09,Pakistan,4.79,8.49,10,5.57,5.75,7.45,4.34,4.62,3.73,3.25,0.71,3.4,9.83,8.96,9.14,0,6.98,0.33,0.33,0,0,2,1,0.44,0,7.69,8,5.23,8.077525675,7.098026556,10,6.948609094,6.3,5.69,US ally,7,Military rule,119
Palestine/West Bank,0.163,0.083,0.083,,5.50657345,6.393604068,8.740967084,5.519733925,5.02510646,6.04138546,5.105874921,6.079327553,4.405145444,5.444572998,0.6805242497,4.434642598,8.437480015,8.036588244,8.64935565,2.897600819,7.157305589,4.834430917,4.754259419,6.30011161,3.065907186,1.699655149,2.336803744,4.499966653,3.21262603,6.896901145,7.439855686,5.316401485,5.89754624,5.932563684,2.392233801,4.700103457,4.887145703,4.776903203,not a US ally,NA,unknown,120
Panama,0.37,0.09,0.074,Panama,7.15,7.821326235,9.374186835,6.8,5.64,6.22,5.72,4.03,3.1,5.575641062,0.88,4.03,9.33,9.74,9.79,10,9.71,6.87,6.87,10,10,8,9,8.62,5.313653274,9.74,9.963231258,9.74,7.747493235,5.745246336,5.224274478,5.168267194,2.25,5.84169633,US ally,7,Military rule,121
Papua New Guinea,0.571,0.302,0.234,Papua New Guinea,5.891750676,2.32,8.105483527,5.556455646,9.02,5.67,6.04,6.72,4.31,6.400816651,0.82,5.19,9.945906569,9.45,8.87,0.5313515952,9.16,5.751364332,5.822437112,8.273722418,2.287479488,0,0,5.302815201,4.241562405,7.250674372,8.482668295,5.828609726,5.487245081,5.961549589,-0.4965782816,4.041122421,7.51,4.842833715,not a US ally,NA,unknown,122
Paraguay,0.098,0.162,0.042,Paraguay,6.14,8.7,9.71,10,6.66,8.77,3.51,2.98,1.08,3.81015044,0.53,1.93,9.17,9.11,9.62,10,9.47,3.27,3.27,6.6,1.66,5,3.33,4.4,2.247138334,8.492560003,8.204530868,7.018942743,7.54700822,6.941911095,0,4.894143869,0.71,4.631408823,US ally,7,Military rule,123
Peru,0.317,0.096,0.038,Peru,5.01,7.44,9.5,10,3.91,7.71,2.25,5.22,2.82,4.75,0.71,3.21,7.12,8.51,8.14,0,5.94,4.07,4.07,7.2,2.4,0,1.2,4.16,1.956865849,5.62,6.355230009,5.62,5.86238212,6.486774411,0,4.578918081,3.65,4.03,US ally,7,Military rule,124
Philippines,0.373,0.357,0.249,Philippines,5.01,8.15,10,6.784625763,6.29,8.15,4.93,4.06,4.4,5.75,0.41,3.38,8.98,9.59,8.43,0,6.75,4.73,4.73,0,3.46,0,1.73,2.15,2.656661812,6.3,6.894994429,6.3,6.667566687,6.759018386,3,5.302184107,3.36,4.6,US ally,6,Personalist rule,125
Poland,0.523,0.188,0.134,Poland,4.493231849,3.774273649,8.199904051,1.194871832,3.85,3.365387832,5.06,7.87,5.46,5,0.88,5.51,7.908318295,7.153454712,8.74297292,5,6.246703684,2.907194535,2.751990204,0,1.66486301,0,0,2.534805587,0,3.9093218,7.473904677,0,4.690973385,5.093055618,0,4.191022165,6.07,3.49,not a US ally,4,Single-party rule,126
Portugal,0.347,0.146,0.082,Portugal,5.46,6.95,8.592321753,7.4545302,7.13,5.69,4.41,7.34,4.12,4.75,0.41,3.64,9.85,9.15,9.61,0,7.15,7.87,7.87,10,1.66,2,1.83,6.57,0,8.96,7.644845433,4.48,5.18,6.95,0,4.04,6.58,4.26,US ally,6,Personalist rule,127
Qatar,0.352,0.017,0.064,Qatar,4.911503796,5.713558044,8.654865199,4.754468649,3.47,5.401423137,4.91,5.92,3.21,5.146901618,0.53,3.58,8.099242933,7.637816555,8.582441185,1.885288626,6.664501545,4.555989834,4.407421025,6.032036346,1.946263354,0.6973392937,1.253896567,3.937595706,1.62687737,6.045827739,7.1104617,3.442470369,5.131582748,5.86856472,-0.2751061979,3.904226785,4.71,3.913651925,not a US ally,NA,unknown,128
Republic of Vietnam,0.32,0.315,0.198,,5.50657345,6.393604068,8.740967084,5.519733925,5.02510646,6.04138546,5.105874921,6.079327553,4.405145444,5.444572998,0.6805242497,4.434642598,8.437480015,8.036588244,8.64935565,2.897600819,7.157305589,4.834430917,4.754259419,6.30011161,3.065907186,1.699655149,2.336803744,4.499966653,3.21262603,6.896901145,7.439855686,5.316401485,5.89754624,5.932563684,2.392233801,4.700103457,4.887145703,4.776903203,not a US ally,7,Military rule,129
Romania,0.114,0.188,0.044,Romania,3.558672726,3.312111277,8.771751671,-0.9405129919,0.34,2.407640623,3.18,6.65,3.44,4.795836904,0.94,4.29,7.25921357,6.058957278,8.647560904,0,5.594331346,0.9100725044,0.7011238681,0,0.8632580874,0,0,0.7958458265,0,0,7.130563176,0,4.458433103,5.004957945,0,4.059937306,2.63,2.8,not a US ally,4,Single-party rule,130
Russia,0.094,0.102,0.024,Russian Federation,3.679421443,4.018247636,8.529848763,0.589841117,0.13,3.117302978,3.61,7.81,3.03,5,0.82,4.43,6.828174606,5.737629487,7.998311843,0,5.128517924,1.836095277,1.539320329,0,0.5007713875,0,0,1.199218202,0,3.073251898,6.382328417,0,4.305781794,5.137599454,0,4.074754929,2.43,2.88,not a US ally,4,Single-party rule,131
Rwanda,0.477,0.242,0.171,Rwanda,5.25,9.11,9.036543648,5.280604798,4.28,6.69,5.05,6.26,5.23,4.633968933,0.53,4.22,8.22,2.02,8.01,1.979584981,6.08,3.546427713,3.248382039,2.4,1.66,0,0.83,2.728446071,0,5.49,5.614473499,2.74,5.67590298,5.967012012,4.342260361,5.223584111,3.71,4.02,not a US ally,4,Single-party rule,132
Sao Tome and Principe,0.319,0.03,0.086,,5.50657345,6.393604068,8.740967084,5.519733925,5.02510646,6.04138546,5.105874921,6.079327553,4.405145444,5.444572998,0.6805242497,4.434642598,8.437480015,8.036588244,8.64935565,2.897600819,7.157305589,4.834430917,4.754259419,6.30011161,3.065907186,1.699655149,2.336803744,4.499966653,3.21262603,6.896901145,7.439855686,5.316401485,5.89754624,5.932563684,2.392233801,4.700103457,4.887145703,4.776903203,not a US ally,NA,unknown,133
Saudi Arabia,0.15,0.013,0.042,Saudi Arabia,6.558664811,5.394012626,7.48554283,5.116313433,3.89,5.565225692,4.47,7.44,3.87,5.5,0.35,3.6,7.745842566,7.266146618,9.135717813,13.26799331,9.433292356,8.979675298,8.81875982,10.70556131,10,6.495798235,10,8.955273735,4.013573785,6.086877133,9.405808619,4.95127006,4.936321238,4.524065551,-1.270386331,2.564598817,5.56,4.234678944,not a US ally,8,Monarchy,134
Senegal,0.769,0.375,0.291,Senegal,5.1,7.37,9.350463974,5.12,3.52,5.34,5.34,4.27,5.29,4.994061046,0.59,3.94,9.33,8.97,9.59,0,6.97,1.73,1.73,9.6,2.26,0,1.13,4.15,1.99891715,6.89190216,7.810869189,4.761253792,6.116995833,6.443800658,0,4.601237695,5.91,4.383862726,not a US ally,6,Personalist rule,135
Serbia,0.617,0.094,0.12,Serbia,5.149811514,5.036745379,8.88532171,2.641463714,2.91,4.581004491,5.62,5.83,5.64,5.615810837,1,5.7,8.92972177,8.337983845,9.236513841,1.074013184,7.068378706,2.650734728,2.670424497,2.968826884,2.408262795,1.23308673,1.607761166,2.859851562,2.143906113,5.463124189,8.019125737,3.801991678,6.069357022,5.662462725,4.066982884,5.305564907,6.01,4.794666209,not a US ally,4,Single-party rule,136
Seychelles,0.682,0.322,0.222,Seychelles,5.620606687,5.142170057,8.182132318,4.155602213,4.66,5.075240393,4.82,7.77,4.94,6.128795718,0.82,5.33,8.72906637,8.381425388,9.024259839,2.882865275,7.41925818,4.937377042,4.888358411,5.870932107,3.351548122,2.064509935,2.588544122,4.666350232,3.453156649,6.148052518,8.057063709,4.709827877,5.531112034,5.471193561,2.132686635,4.501331778,7.49,4.814216692,not a US ally,NA,unknown,137
Sierra Leone,0.336,0.165,0.077,Sierra Leone,5.45824402,7.324424552,9.837864686,7.119080436,5.18,7.13800862,3.61,3.28,3.6,4.478951269,0.47,2.57,9.67,8.76,9.46,1.769699581,9.29,4.57399414,4.665103864,9.6,1.66,0,0.83,4.658452358,2.238926098,7.93,7.953998026,7.93,6.536696849,6.912028527,-0.5348986989,4.295072141,3.8,4.315387578,not a US ally,5,Multi-party authoritarian rule,138
Singapore,0.866,0.307,0.263,Singapore,6.78,7.35,9.65,6.737141144,4.37,6.34,5.82,9.34,7.28,7,0.88,6.93,9.66,9.8,9.82,0,7.32,9.13,9.13,9.8,4.16,5,4.58,7.84,6.618759501,7.96,8.858472256,7.96,7.93,5.81068967,0,4.989249424,8.06,5.49,not a US ally,5,Multi-party authoritarian rule,139
Slovakia,0.23,0.132,0.046,Slovak Republic,5.123708884,6.095457825,9.114705321,4.044764066,4.161833507,5.443985813,4.46,5.93613698,4.15440426,5.099342132,0.82,4.418640403,8.323347542,7.669883817,8.744220609,2.519053626,6.935812852,3.370237309,3.306787485,4.178901616,2.806108268,1.453915817,2.059059472,3.376984025,2.000504823,6.033789247,7.472040224,4.169738617,6.072844562,5.866720466,3.413676942,5.04016834,4.437030759,4.585007248,not a US ally,4,Single-party rule,140
Slovenia,0.617,0.094,0.12,Slovenia,4.988436839,5.567161697,8.730108397,3.810793878,3.956884111,5.061591382,5.69,7.15519478,5.27042566,5.575904878,0.94,5.565894214,8.504912179,8.00555689,8.522425126,-0.7906988473,6.180032428,2.904845984,2.831357458,3.194043194,1.028142251,0,0,2.498300469,2.607567615,6.013519683,6.98077964,4.216648255,5.829777823,5.89698423,4.168954156,5.433103016,5.723964394,4.896132375,not a US ally,4,Single-party rule,141
Solomon Islands,0.704,0.259,0.229,,5.50657345,6.393604068,8.740967084,5.519733925,5.02510646,6.04138546,5.105874921,6.079327553,4.405145444,5.444572998,0.6805242497,4.434642598,8.437480015,8.036588244,8.64935565,2.897600819,7.157305589,4.834430917,4.754259419,6.30011161,3.065907186,1.699655149,2.336803744,4.499966653,3.21262603,6.896901145,7.439855686,5.316401485,5.89754624,5.932563684,2.392233801,4.700103457,4.887145703,4.776903203,not a US ally,NA,unknown,142
Somalia,0.078,0.079,0.021,Somalia,5.429512041,6.567417046,8.823056052,5.877208943,5.083315439,6.219760411,4.832953231,5.680223809,4.053845686,5.256021153,0.59,3.977203371,8.369706784,7.984576006,8.61323279,2.936070317,7.130950528,5.005738538,4.910823459,6.782913389,2.926416792,1.513113867,2.198155626,4.594387266,2.946711155,7.015271738,7.321476767,5.217802347,5.8093359,6.037126335,1.554684957,4.469859898,4.482676092,4.579662752,not a US ally,7,Military rule,143
South Africa,0.113,0.168,0.093,South Africa,5.82,6.88,9.32,1.91,7.43,6.38,4.87,6.53,3.03,7,0.29,3.47,9.74,9.51,9.4,0,7.16,8.67,8.67,9,1.66,2,1.83,6.5,10,8.47,7.707431556,9.23,5.927718496,6.341258056,3,4.228432109,3.35,5.6,not a US ally,10,Other oligarchy,144
South Korea,0.587,0.28,0.144,"Korea, Rep.",5.49,8.46,9.87,7.51,6.99,8.21,5.01,6.69,4.69,5.75,0.65,4.56,3.19,9.29,6.17,0,4.66,8.33,8.33,6,1.66,0,0.83,5.05,5.45303668,9.96,4.706608535,9.96,5.375144909,6.335641641,0,5.000107031,5.02,4.99,US ally,7,Military rule,145
South Sudan,0.176,0.1,0.051,,5.50657345,6.393604068,8.740967084,5.519733925,5.02510646,6.04138546,5.105874921,6.079327553,4.405145444,5.444572998,0.6805242497,4.434642598,8.437480015,8.036588244,8.64935565,2.897600819,7.157305589,4.834430917,4.754259419,6.30011161,3.065907186,1.699655149,2.336803744,4.499966653,3.21262603,6.896901145,7.439855686,5.316401485,5.89754624,5.932563684,2.392233801,4.700103457,4.887145703,4.776903203,not a US ally,7,Military rule,146
Spain,0.349,0.104,0.073,Spain,5.87,8.01,8.39,7.893426877,6.31,7.57,4.45,6.98,4.46,6.5,0.35,3.79,9.42,9.46,8.81,0,6.92,5.53,5.53,8.8,1.66,2,1.83,5.39,4.587177345,7.73,7.176016417,7.73,5.18,5.81,0,3.66,5.75,5.69,not a US ally,7,Military rule,147
Sri Lanka,0.766,0.662,0.495,Sri Lanka,4.91,7.62,8.02,7.38,4.17,6.8,6.79,7.54,4.58,5.226722079,0.88,5.93,9.86,8.5,8.97,0,6.83,0.25,0.25,0,0,0,0,0.08,3.487884421,7.259965878,6.77853308,6.180721479,7.040095124,6.554963326,7.384234885,6.743540916,7.03,5.729202254,not a US ally,0,Democracy,148
Sudan,0.176,0.1,0.051,Sudan,4.693393872,6.771855352,8.93490061,6.720275395,4.63,6.414732554,4.37,5.14,2.47,4.59618483,0.29,2.58,7.872836559,7.548818279,8.100655543,0.3468242524,6.084219587,4.95820651,4.747408251,7.358398967,0,-0.5229463093,0,3.835365658,1.514789523,7.032512417,6.158638232,3.979795896,5.041241061,6.44978831,-1.695607236,3.687135176,3.54,3.684872046,not a US ally,7,Military rule,149
Suriname,0.803,0.539,0.444,Suriname,6.262348022,6.751324267,7.415786534,7.866001623,6.2,6.812190612,6.83,8.43,5,6.49424728,0.47,4.96,7.655763888,7.555888951,7.709079908,5.18504949,7.077199364,8.190594732,7.937389226,9.703721014,4.16,3.030028772,4.16,6.875592523,5.995359844,7.97259972,6.91135854,7.105568341,5.112880356,5.498326257,1.688369293,4.077654591,4.75,5.274866742,not a US ally,NA,unknown,150
Sweden,0.983,0.779,0.732,Sweden,6.39,3.23,6.53244283,5.33,7.37,3.98,8.24,9.55,7.72,8.25,1,8.44,9.412760479,9.42,8.97,0,6.13,9.17,9.17,9,6.99,0,3.5,7.22,7.64311311,7.39,8,7.69,4.49,6.42,3,4.64,9.65,6.16,not a US ally,0,Democracy,151
Switzerland,0.952,0.626,0.572,Switzerland,7.75,7.32,7.513458199,9.63,7.73,8.23,8.53,9.38,7.77,9,0.71,7.4,9.67,9.63,9.06,10,9.59,7.41,7.41,10,4.575119833,2,2,6.47,8.963105552,8.79,8.297388986,8.79,6.21,6.86,3,5.36,9.1,7.07,not a US ally,2,Democracy,152
Syria,0.197,0.094,0.043,Syrian Arab Republic,4.33,6.09,9.66,4.101037916,1.71,5.82,3.18,3.79,3.34,4.279326537,0.41,2.42,8.51,8.57,9.4,0,6.62,3.8,3.8,6.6,0,0,0,3.47,0,3.74,7.263477949,1.87,5.298118128,6.282298078,0,3.670368236,3.03,3.32,not a US ally,7,Military rule,153
Taiwan,0.397,0.114,0.072,Taiwan,5.6,4.56,10,0.27,6.03,5.21,2.93,4.69,3.55,6.5,0.65,3.64,9.39,9.21,9.32,10,9.48,5.73,5.73,9.4,5.22460831,2,2,5.71,0,7.4,9.431107461,3.7,5.90615897,5.673308502,0,3.564417289,4.26,3.94,US ally,7,Military rule,154
Tajikistan,0.094,0.102,0.024,Tajikistan,4.295920966,6.047196009,9.943342218,2.517153291,2.884567461,4.912205327,2.69,4.679136354,2.842180089,4.047232966,0.82,3.224354852,7.962764472,6.93141313,8.810972292,2.004972636,6.506846483,1.387261224,1.314189795,1.905056464,2.030045573,0.5787734916,1.254889636,1.764855267,-0.6811272605,4.909018585,7.227214925,2.024911041,6.140231188,6.024017718,2.970000985,5.015645769,2.659591066,3.765444632,not a US ally,4,Single-party rule,155
Tanzania,0.686,0.248,0.24,Tanzania,4.7,4.753276567,10,2.789420821,2.41,4.14,6.24,5.7,5.34,5.554697843,0.88,5.42,8.809552797,9.36,9.3,0,6.22,5.8,5.8,3.8,1.66,0,0.83,3.48,0,4.23,7.792882095,2.12,5.549803832,5.683650426,5,4.703264067,4.72,4.23,not a US ally,4,Single-party rule,156
Thailand,0.345,0.153,0.113,Thailand,5.87,7.67,10,5.8,6.28,7.44,4.71,5.23,3.43,5.5,0.94,4.58,9.65,8.19,9,0,6.71,4.4,4.4,10,4.16,2,3.08,5.83,3.589882303,7.68,7.945594114,7.68,7.93,6.550404444,0,5.371033682,3.03,4.82,US ally,7,Military rule,157
Timor,0.118,0.017,NA,Timor-Leste,5.107854043,6.803414506,8.622449007,5.843032837,5.2,6.15517871,4.01,7.53,2.36,5.0323491,0.53,3.54,7.204120954,6.590368042,7.743486687,3.886982537,6.351380754,5.220665992,4.960933333,6.262929505,2.895726004,1.612976405,2.324396825,4.405171501,2.427054727,6.539310333,6.449171684,4.343663532,5.324952828,5.796116799,1.639685797,4.271686431,3.2,4.275477851,not a US ally,NA,unknown,158
Togo,0.366,0.08,0.043,Togo,4.684211661,5.5,8.938154307,1.62,5.41,4.18,2.8,3.66,2.38,4.779909987,0.29,1.91,9,8.88,9.68,0,6.89,4.710921058,4.682133715,9.6,2.26,0,1.13,4.38420238,-0.06156360524,5.730513678,8.129925971,2.177720736,4.743145671,6.097868124,-5.311328277,2.568108348,6.71,2.86887671,not a US ally,7,Military rule,159
Trinidad and Tobago,0.894,0.59,0.487,Trinidad and Tobago,6.311480397,6.51,8.278657527,6.493933992,5.83,6.17,7.23,8,6.24,6.447571947,0.76,6.31,9.97,8.18,9.2,1.818865003,9.12,5.753637656,5.801107202,7.2,4.16,0,2.08,5.418190262,5.719986856,8.43,8.093807718,8.43,6.29523253,6.005306441,3.594822458,5.188112842,6.33,5.783873577,US ally,0,Democracy,160
Tunisia,0.67,0.191,0.156,Tunisia,4.96,5.69,8.99,0,6.25,5.23,5.15,7.5,5,5.45907217,0.71,5.02,9.69,9.16,8.68,0,6.88,3.53,3.53,4,1.66,0,0.83,2.79,2,8.9,7.637709714,5.45,6.128805916,6.16834626,3,5.161269188,5.2,4.88,not a US ally,4,Single-party rule,161
Turkey,0.462,0.561,0.385,Turkey,4.08,6.79,9.49,4.996398147,5.57,7.28,5.63,6.42,5.53,4.25,0.71,4.65,0,8.2,8.24,0,4.11,0,0,0,1.66,0,0.83,0.28,1.61288371,6.05,4.687283329,6.05,5.493861847,5.99559686,0,5.643905024,3.64,4.1,US ally,1,Democracy,162
Turkmenistan,0.094,0.102,0.024,,5.50657345,6.393604068,8.740967084,5.519733925,5.02510646,6.04138546,5.105874921,6.079327553,4.405145444,5.444572998,0.6805242497,4.434642598,8.437480015,8.036588244,8.64935565,2.897600819,7.157305589,4.834430917,4.754259419,6.30011161,3.065907186,1.699655149,2.336803744,4.499966653,3.21262603,6.896901145,7.439855686,5.316401485,5.89754624,5.932563684,2.392233801,4.700103457,4.887145703,4.776903203,not a US ally,4,Single-party rule,163
Uganda,0.311,0.2,0.1,Uganda,4.01,11.03771423,9.339554205,10,4.24,7.12,2.65,2.5,2.84,3.468332268,0.71,2.27,3.313119536,1.919402604,1.67,0,0.84,3.543634677,2.764903847,3.8,1.66,0,0.83,1.24933834,2.844764987,7.64,1.372521731,7.64,5.879509879,6.413203052,10,6.873159246,2.29,5.82,not a US ally,4,Single-party rule,164
Ukraine,0.094,0.102,0.024,Ukraine,4.403277621,5.488105265,9.303952209,2.842964017,3.024161342,4.711883675,3.58,5.698134002,3.762583637,5,0.82,3.91,8.135327668,7.354565079,8.701241531,0.3053208509,6.215334479,2.09205766,1.995888655,2.586876856,1.131704801,0,0,1.979587856,0.2514037398,5.099979504,7.039729146,2.305149271,5.647653466,5.93278741,2.203071716,4.813530935,3.889191322,3.925258748,not a US ally,4,Single-party rule,165
United Kingdom,0.94,0.83,0.739,United Kingdom,6.2,5.12,7.463352647,6.76,5.78,5.88,8.11,8.65,7.21,8.25,0.82,7.34,8.918185915,9.41,8.54,0,5.99,2.07,2.07,10,0,2,1,4.36,10,6.54,8,8.18,5.18,4.75,10,6.64,8.87,7.41,US ally,0,Democracy,166
United States,0.919,0.709,0.636,United States,7.81,5.11,7.98,6.12,7.85,5.41,7.88,8.25,7.42,8.75,1,8.07,9.75,9.62,8.99,10,9.59,8.4,8.4,10,10,8,9,9.13,10,8.01,10,9.34,7.59,5.45,0,4.35,7.59,6.84,not a US ally,2,Democracy,167
Uruguay,0.643,0.597,0.454,Uruguay,6.05,6.75,7.41,0,6.36,5.13,6.33,8.16,5.12,6.503613195,0.94,6.34,2.04,0,9.87,10,5.48,6.87,6.87,9.4,2.86,8,5.43,7.23,4.780015708,5.076179862,6.215058662,4.384237027,4.858844721,4.002866005,10,4.985334456,4.45,5.344685605,US ally,2,Democracy,168
Uzbekistan,0.094,0.102,0.024,,5.50657345,6.393604068,8.740967084,5.519733925,5.02510646,6.04138546,5.105874921,6.079327553,4.405145444,5.444572998,0.6805242497,4.434642598,8.437480015,8.036588244,8.64935565,2.897600819,7.157305589,4.834430917,4.754259419,6.30011161,3.065907186,1.699655149,2.336803744,4.499966653,3.21262603,6.896901145,7.439855686,5.316401485,5.89754624,5.932563684,2.392233801,4.700103457,4.887145703,4.776903203,not a US ally,4,Single-party rule,169
Vanuatu,0.83,0.154,0.168,,5.50657345,6.393604068,8.740967084,5.519733925,5.02510646,6.04138546,5.105874921,6.079327553,4.405145444,5.444572998,0.6805242497,4.434642598,8.437480015,8.036588244,8.64935565,2.897600819,7.157305589,4.834430917,4.754259419,6.30011161,3.065907186,1.699655149,2.336803744,4.499966653,3.21262603,6.896901145,7.439855686,5.316401485,5.89754624,5.932563684,2.392233801,4.700103457,4.887145703,4.776903203,not a US ally,NA,unknown,170
Venezuela,0.844,0.689,0.561,"Venezuela, RB",7.19,6.6,9.83,7.656904023,7.65,8.03,5.99,2.93,5.42,5,0.88,4.55,9.53,9.58,9.74,10,9.71,8.07,8.07,10,5.51,8,6.76,8.27,5.917862647,9.68,9.692560949,9.68,7.24,6.012279445,0,4.727163268,6.34,5.4,US ally,2,Democracy,171
Vietnam,0.12,0.219,0.076,Vietnam,3.445518985,5.411186904,9.704126268,0.8211302901,0.95,3.861575666,2.84,7.34,3.2,2.5,0.88,3.74,6.830547803,5.478351738,7.851218973,-0.3735791608,4.834426402,-0.1146495807,-0.3532105396,-1.364669095,0,-0.7065391295,0,-0.2315614974,-1.954490133,3.509142043,5.951451741,-0.1020675638,5.477589457,5.724294111,4.191200731,5.328260103,2.55,3.439181677,not a US ally,4,Single-party rule,172
Yemen,0.152,0.028,0.036,"Yemen, Rep.",5.134114497,6.076586143,8.654886625,5.734735672,4.61,5.906320028,3.94,5.87,2.94,5.10673646,0.41,3,8.216628985,7.87169511,8.686476138,2.87273626,7.062449453,5.448595372,5.308056867,7.644733236,2.488369981,1.035370981,1.759021532,4.790980774,1.97372883,6.599345574,7.273908478,4.053295791,5.135846428,5.982396155,-1.410058346,3.543026331,5.02,3.859108064,not a US ally,6,Personalist rule,173
Yemen People's Republic,0.221,0.078,0.097,,5.50657345,6.393604068,8.740967084,5.519733925,5.02510646,6.04138546,5.105874921,6.079327553,4.405145444,5.444572998,0.6805242497,4.434642598,8.437480015,8.036588244,8.64935565,2.897600819,7.157305589,4.834430917,4.754259419,6.30011161,3.065907186,1.699655149,2.336803744,4.499966653,3.21262603,6.896901145,7.439855686,5.316401485,5.89754624,5.932563684,2.392233801,4.700103457,4.887145703,4.776903203,not a US ally,4,Single-party rule,174
Zambia,0.481,0.276,0.199,Zambia,5.33,3.45,9.11,4.076932213,2.65,5.07,5.63,6.74,4.17,5.3808798,0.71,4.7,8.3,4.51,7.72,0,5.13,2.8432161,2.651789548,0,1.66,2,1.83,2.39679512,3.018700127,7.33,6.272573086,7.33,6.137637135,5.704836654,10,6.119468881,6.07,6.4,not a US ally,5,Multi-party authoritarian rule,175
Zanzibar,0.26,0.016,0.041,,5.50657345,6.393604068,8.740967084,5.519733925,5.02510646,6.04138546,5.105874921,6.079327553,4.405145444,5.444572998,0.6805242497,4.434642598,8.437480015,8.036588244,8.64935565,2.897600819,7.157305589,4.834430917,4.754259419,6.30011161,3.065907186,1.699655149,2.336803744,4.499966653,3.21262603,6.896901145,7.439855686,5.316401485,5.89754624,5.932563684,2.392233801,4.700103457,4.887145703,4.776903203,not a US ally,4,Single-party rule,176
Zimbabwe,0.099,0.196,0.128,Zimbabwe,4.983551277,7.81,8.993655734,6.817807559,5.37,6.59,5.27,6.84,3.72,4.836547331,0.65,4.34,7.492881568,7.52,7.59,0,5.04,4.299367123,4.067936875,7.2,1.041202391,0.1641108185,0.5353145692,3.284083173,2.940671608,7.393947725,5.692493685,5.368353442,5.806267204,6.372513564,3,5.147718517,0.5,4.750613468,not a US ally,10,Other oligarchy,177
United Arab Emirates,NA,NA,NA,United Arab Emirates,5.318298528,6.321990957,7.942937614,6.984351105,5.12865444,6.276405894,4.82,7.42,3.28,5.563633692,0.29,3.35,7.542050942,7.322635384,7.883239964,3.102183414,6.520490089,6.938671058,6.661771216,8.920036053,2.371216881,1.186616109,1.806293055,5.550553286,3.229744238,7.077769569,6.522117075,4.705108913,4.578971407,5.804900587,-1.635512438,3.2979572,4.408226986,4.057185116,not a US ally,NA,unknown,178
"Bahamas, The",NA,NA,NA,"Bahamas, The",6.444528335,7.929654392,9.75,8.271011677,7.359643796,7.775760296,7.31,6.896838827,6.127875886,5.955041601,0.88,6.064304035,10.04508595,9.3,8.77,-0.6723991074,9.03,4.73,4.73,7.2,2.161352638,0,0,3.98,10,9.48,7.489257592,9.74,7.5063626,6.864895007,6.740749707,6.570835958,6.95971883,6.62490316,not a US ally,NA,unknown,179
Belize,NA,NA,NA,Belize,6.55262862,6.550789561,8.277202139,6.172707795,6.257621683,6.456748993,6.3,7.221136518,5.664333224,6.417458072,0.88,5.859747577,8.981265133,8.95,8.53,5.318373907,8.74,6.148179594,6.155687693,7.526887816,5.312213245,3.728437728,4.512455941,6.115196316,5.845634576,7.75492384,8.370304743,7.687107378,6.498266845,5.63110911,4.938870519,5.27342709,6.551369318,5.902860693,not a US ally,NA,unknown,180
Brunei Darussalam,NA,NA,NA,Brunei Darussalam,5.429512041,6.567417046,8.823056052,5.877208943,5.083315439,6.219760411,4.832953231,5.680223809,4.053845686,5.256021153,0.59,3.977203371,8.369706784,7.984576006,8.61323279,2.936070317,7.130950528,5.005738538,4.910823459,6.782913389,2.926416792,1.513113867,2.198155626,4.594387266,2.946711155,7.015271738,7.321476767,5.217802347,5.8093359,6.037126335,1.554684957,4.469859898,4.482676092,4.579662752,not a US ally,NA,unknown,181
Montenegro,NA,NA,NA,Montenegro,5.034850294,6.090277178,9.203655044,3.880783248,4.024725852,5.386902032,4.27,5.80120471,4.013544038,4.98640386,0.82,4.290440259,8.284640884,7.590612952,8.751386044,2.463869791,6.889765615,3.15737547,3.092892818,3.934816543,2.722802103,1.359973985,1.972736156,3.203930655,1.712646012,5.913051153,7.445759543,3.939502889,6.080078154,5.883605482,3.36605071,5.037535974,4.246232148,4.4970316,not a US ally,4,Single-party rule,182